Uji,Shape,Speed_cm_s,Pitch,Roll,Iter,ROS_MAE_mm,ROS_RMSE_mm,ROS_MaxErr_mm,CV_Abs_MAE_mm,CV_Abs_RMSE_mm,CV_Abs_MaxErr_mm,CV_Shape_MAE_mm,CV_Shape_RMSE_mm,CV_Shape_MaxErr_mm,CV_Offset_mm
Uji_3_Angle,circle,5,-15,0,1,21.212,35.811,90.006,2.354,3.054,6.586,0.617,0.722,1.476,3.512
Uji_3_Angle,circle,5,-15,0,2,16.661,29.012,89.715,2.208,2.836,6.081,0.539,0.624,1.3,3.355
Uji_3_Angle,circle,5,-15,0,3,27.936,44.492,94.942,2.644,3.557,7.852,0.867,0.999,2.059,3.968
Uji_3_Angle,circle,5,-15,35,1,6.929,8.304,12.71,2.357,2.63,4.301,0.297,0.386,1.487,3.463
Uji_3_Angle,circle,5,-15,35,2,5.87,7.625,12.428,2.284,2.528,4.1,0.369,0.45,1.131,3.357
Uji_3_Angle,circle,5,-15,35,3,6.094,7.781,12.683,2.332,2.613,4.61,0.322,0.404,1.1,3.417
Uji_3_Angle,circle,5,-10,-35,1,5.619,7.251,13.276,1.933,2.157,4.342,0.427,0.556,2.121,2.84
Uji_3_Angle,circle,5,-10,-35,2,5.992,7.571,12.795,1.906,2.172,3.764,0.303,0.364,1.4,2.944
Uji_3_Angle,circle,5,-10,-35,3,5.95,7.745,19.761,2.012,2.257,4.342,0.387,0.507,1.86,2.922
Uji_3_Angle,circle,5,-10,0,1,5.968,7.824,15.805,1.993,2.294,3.785,0.219,0.28,1.0,3.039
Uji_3_Angle,circle,5,-10,0,2,6.341,8.3,17.193,2.044,2.331,3.981,0.187,0.266,1.4,3.046
Uji_3_Angle,circle,5,-10,0,3,6.682,8.474,17.021,2.081,2.377,4.031,0.179,0.255,1.5,3.145
Uji_3_Angle,circle,5,-5,0,1,6.19,7.74,12.454,2.142,2.426,4.05,0.18,0.223,0.86,3.234
Uji_3_Angle,circle,5,-5,0,2,5.993,7.566,12.542,2.015,2.278,3.86,0.206,0.259,0.849,3.018
Uji_3_Angle,circle,5,-5,0,3,5.82,7.495,12.213,2.214,2.489,4.1,0.234,0.311,1.5,3.303
Uji_3_Angle,circle,5,0,-45,1,7.334,15.668,209.352,1.755,2.086,6.859,0.749,1.076,4.751,2.26
Uji_3_Angle,circle,5,0,-45,2,6.518,14.783,210.229,1.643,1.898,7.658,0.92,1.324,9.621,1.857
Uji_3_Angle,circle,5,0,-45,3,6.835,10.168,131.823,1.67,1.901,4.052,0.674,0.868,4.243,2.223
Uji_3_Angle,circle,5,0,-40,1,6.389,7.777,12.452,2.059,2.305,3.754,0.355,0.425,1.603,2.938
Uji_3_Angle,circle,5,0,-40,2,6.214,7.727,11.988,2.045,2.301,3.821,0.376,0.446,1.7,2.945
Uji_3_Angle,circle,5,0,-40,3,6.227,7.751,12.255,2.045,2.305,4.328,0.391,0.463,1.5,2.977
Uji_3_Angle,circle,5,0,-35,1,6.196,7.594,11.619,1.989,2.259,3.905,0.282,0.338,0.8,2.936
Uji_3_Angle,circle,5,0,-35,2,6.023,7.498,11.71,1.955,2.195,3.78,0.28,0.356,1.4,2.924
Uji_3_Angle,circle,5,0,-35,3,6.372,7.741,12.171,2.009,2.271,4.469,0.284,0.35,1.6,2.987
Uji_3_Angle,circle,5,0,-30,1,5.284,7.034,12.139,2.02,2.261,3.758,0.342,0.409,1.3,3.083
Uji_3_Angle,circle,5,0,-30,2,5.647,7.339,12.136,2.151,2.398,4.455,0.429,0.503,1.5,3.102
Uji_3_Angle,circle,5,0,-30,3,5.399,7.126,12.314,2.102,2.347,4.244,0.387,0.462,1.5,3.12
Uji_3_Angle,circle,5,0,-25,1,6.314,7.706,11.973,2.39,2.715,5.092,0.232,0.305,1.393,3.393
Uji_3_Angle,circle,5,0,-25,2,6.079,7.569,11.901,2.236,2.518,4.64,0.235,0.295,1.3,3.274
Uji_3_Angle,circle,5,0,-25,3,6.391,7.786,11.935,2.188,2.482,4.08,0.252,0.319,1.4,3.334
Uji_3_Angle,circle,5,0,-20,1,5.686,7.316,11.927,2.213,2.521,4.244,0.211,0.284,1.5,3.328
Uji_3_Angle,circle,5,0,-20,2,5.571,7.235,12.871,2.299,2.596,4.46,0.241,0.308,1.4,3.417
Uji_3_Angle,circle,5,0,-20,3,5.737,7.327,12.222,2.295,2.612,4.841,0.214,0.286,1.3,3.445
Uji_3_Angle,circle,5,0,-15,1,6.022,7.591,15.414,2.197,2.496,4.317,0.228,0.29,1.5,3.325
Uji_3_Angle,circle,5,0,-15,2,6.559,7.876,12.305,2.235,2.527,4.148,0.201,0.263,0.9,3.404
Uji_3_Angle,circle,5,0,-15,3,5.79,7.356,12.032,2.272,2.574,4.201,0.205,0.259,1.4,3.389
Uji_3_Angle,circle,5,0,-10,1,5.922,7.376,11.941,1.979,2.244,3.764,0.212,0.285,1.6,2.976
Uji_3_Angle,circle,5,0,-10,2,6.268,7.783,11.977,1.988,2.266,3.828,0.203,0.263,1.4,2.96
Uji_3_Angle,circle,5,0,-10,3,6.174,7.571,12.237,2.012,2.284,3.833,0.191,0.252,1.2,3.029
Uji_3_Angle,circle,5,0,-5,1,5.653,7.203,11.729,2.174,2.458,4.016,0.215,0.274,1.5,3.294
Uji_3_Angle,circle,5,0,-5,2,6.144,7.62,12.308,2.118,2.41,3.929,0.206,0.262,1.0,3.222
Uji_3_Angle,circle,5,0,-5,3,5.593,7.213,11.626,2.185,2.465,4.016,0.194,0.247,1.4,3.297
Uji_3_Angle,circle,5,0,5,1,5.691,7.325,12.037,2.346,2.654,5.061,0.206,0.27,1.0,3.509
Uji_3_Angle,circle,5,0,5,2,5.311,7.112,12.187,2.298,2.606,4.272,0.192,0.24,1.0,3.429
Uji_3_Angle,circle,5,0,5,3,6.029,7.607,12.069,2.3,2.614,4.342,0.177,0.227,1.3,3.475
Uji_3_Angle,circle,5,0,10,1,6.147,7.709,12.299,2.37,2.689,4.4,0.192,0.239,1.0,3.564
Uji_3_Angle,circle,5,0,10,2,6.241,7.745,12.173,2.415,2.75,4.571,0.168,0.22,0.9,3.684
Uji_3_Angle,circle,5,0,10,3,6.041,7.623,12.15,2.369,2.675,4.393,0.22,0.282,1.5,3.569
Uji_3_Angle,circle,5,0,15,1,5.503,7.241,12.155,2.443,2.752,4.501,0.193,0.254,1.4,3.72
Uji_3_Angle,circle,5,0,15,2,5.34,7.144,13.26,2.393,2.701,4.438,0.205,0.265,1.389,3.627
Uji_3_Angle,circle,5,0,15,3,5.55,7.269,12.26,2.398,2.737,4.554,0.188,0.262,1.4,3.661
Uji_3_Angle,circle,5,0,20,1,5.667,7.336,12.162,2.434,2.799,4.657,0.157,0.226,1.0,3.696
Uji_3_Angle,circle,5,0,20,2,6.335,7.771,11.867,2.424,2.772,4.632,0.208,0.302,1.5,3.708
Uji_3_Angle,circle,5,0,20,3,5.683,7.385,12.239,2.451,2.807,4.707,0.19,0.263,1.5,3.772
Uji_3_Angle,circle,5,0,25,1,5.923,7.542,12.209,2.733,3.06,4.884,0.395,0.454,1.5,4.121
Uji_3_Angle,circle,5,0,25,2,5.954,7.599,12.2,2.679,3.004,4.8,0.409,0.454,1.208,4.035
Uji_3_Angle,circle,5,0,25,3,6.163,7.676,12.214,2.654,2.992,4.884,0.378,0.433,1.4,4.011
Uji_3_Angle,circle,5,0,30,1,6.027,7.632,12.271,2.338,2.621,4.329,0.278,0.336,1.1,3.543
Uji_3_Angle,circle,5,0,30,2,6.038,7.551,12.015,2.266,2.6,4.374,0.315,0.379,1.5,3.472
Uji_3_Angle,circle,5,0,30,3,5.797,7.426,12.137,2.288,2.621,4.405,0.284,0.335,0.9,3.55
Uji_3_Angle,circle,5,0,35,1,5.392,7.183,12.326,2.268,2.583,4.472,0.249,0.294,0.849,3.515
Uji_3_Angle,circle,5,0,35,2,5.866,7.534,13.147,2.486,2.945,6.873,0.635,0.77,2.377,3.65
Uji_3_Angle,circle,5,0,35,3,6.084,7.66,12.203,2.28,2.591,4.5,0.295,0.341,1.166,3.499
Uji_3_Angle,circle,5,0,40,1,5.539,7.241,12.046,2.673,2.997,4.876,0.285,0.348,1.1,4.186
Uji_3_Angle,circle,5,0,40,2,6.031,7.602,12.202,2.661,2.985,4.875,0.293,0.345,0.86,4.147
Uji_3_Angle,circle,5,0,40,3,5.623,7.331,12.109,2.775,3.082,5.099,0.291,0.341,1.3,4.219
Uji_3_Angle,circle,5,0,45,1,5.695,7.333,12.051,2.399,2.711,4.494,0.509,0.563,1.304,3.906
Uji_3_Angle,circle,5,0,45,2,5.741,7.408,11.88,2.496,2.789,4.383,0.362,0.435,1.131,3.917
Uji_3_Angle,circle,5,0,45,3,5.901,7.418,11.756,2.594,2.888,5.143,0.317,0.379,1.14,3.88
Uji_3_Angle,circle,5,5,0,1,6.557,8.058,12.482,2.174,2.459,4.02,0.217,0.286,1.1,3.261
Uji_3_Angle,circle,5,5,0,2,6.583,8.111,12.528,2.589,2.909,4.632,0.222,0.276,1.5,3.896
Uji_3_Angle,circle,5,5,0,3,6.154,7.807,12.503,2.482,2.807,4.6,0.211,0.261,0.9,3.781
Uji_3_Angle,circle,5,10,0,1,6.366,7.981,12.552,2.494,2.808,4.528,0.232,0.29,1.6,3.736
Uji_3_Angle,circle,5,10,0,2,6.161,7.84,12.509,2.525,2.841,4.588,0.237,0.304,1.726,3.808
Uji_3_Angle,circle,5,10,0,3,6.195,7.849,13.049,2.528,2.844,4.61,0.213,0.277,1.0,3.844
Uji_3_Angle,circle,5,15,0,1,6.442,8.029,12.698,2.255,2.553,4.123,0.23,0.296,1.5,3.386
Uji_3_Angle,circle,5,15,0,2,6.076,7.753,12.471,2.176,2.46,4.08,0.238,0.291,1.0,3.205
Uji_3_Angle,circle,5,15,0,3,6.127,7.762,12.821,2.281,2.574,4.205,0.224,0.271,0.9,3.38
Uji_3_Angle,circle,5,20,0,1,5.787,7.391,11.892,2.152,2.426,3.805,0.288,0.336,1.552,3.131
Uji_3_Angle,circle,5,20,0,2,5.985,7.554,12.075,2.163,2.451,3.912,0.253,0.294,1.0,3.164
Uji_3_Angle,circle,5,20,0,3,5.902,7.534,12.366,2.136,2.406,3.847,0.25,0.302,1.2,3.113
Uji_3_Angle,circle,5,25,0,1,6.216,7.759,12.407,2.104,2.368,3.734,0.307,0.365,1.0,3.044
Uji_3_Angle,circle,5,25,0,2,6.047,7.621,12.344,2.142,2.416,3.785,0.259,0.32,1.4,3.124
Uji_3_Angle,circle,5,25,0,3,5.966,7.542,12.135,2.12,2.373,3.766,0.292,0.343,1.0,3.032
Uji_3_Angle,circle,5,30,0,1,5.984,7.621,12.515,2.152,2.421,3.848,0.315,0.394,1.1,3.09
Uji_3_Angle,circle,5,30,0,2,6.455,7.901,12.133,2.236,2.508,3.92,0.307,0.367,1.5,3.194
Uji_3_Angle,circle,5,30,0,3,5.407,7.172,12.439,2.224,2.477,3.744,0.349,0.413,1.5,3.101
Uji_3_Angle,circle,5,35,0,1,6.349,7.831,12.32,2.094,2.373,3.667,0.321,0.399,1.3,2.931
Uji_3_Angle,circle,5,35,0,2,5.957,7.561,12.192,2.144,2.41,3.688,0.372,0.452,1.7,2.972
Uji_3_Angle,circle,5,35,0,3,6.241,7.781,12.112,2.173,2.446,3.808,0.33,0.39,1.6,3.061
Uji_3_Angle,circle,5,35,30,1,6.142,7.665,12.247,2.215,2.529,4.294,0.302,0.379,1.2,3.216
Uji_3_Angle,circle,5,35,30,2,5.472,7.221,12.339,2.307,2.604,4.366,0.361,0.451,1.5,3.344
Uji_3_Angle,circle,5,35,30,3,6.015,7.493,11.931,2.311,2.612,4.393,0.355,0.434,1.7,3.324
Uji_3_Angle,circle,5,40,-25,1,5.7,7.275,12.131,1.535,1.708,2.941,0.43,0.49,1.3,1.824
Uji_3_Angle,circle,5,40,-25,2,5.685,7.284,12.331,1.535,1.706,2.64,0.421,0.491,1.7,1.959
Uji_3_Angle,circle,5,40,-25,3,5.986,7.445,12.172,1.499,1.671,2.484,0.401,0.47,1.3,1.83
Uji_3_Angle,circle,5,40,0,1,6.159,7.707,12.344,1.98,2.25,3.574,0.377,0.451,1.334,2.686
Uji_3_Angle,circle,5,40,0,2,6.16,7.666,12.233,1.954,2.225,3.574,0.345,0.418,1.487,2.657
Uji_3_Angle,circle,5,40,0,3,5.585,7.339,14.382,1.931,2.218,3.574,0.28,0.334,1.334,2.601
